{"tissue_hires_scalef": 0.28600028, "tissue_lowres_scalef": 0.08580009, "fiducial_diameter_fullres": 81.10786033209335, "spot_diameter_fullres": 50.209627824629216}